{
	"BUILD_DIR" : "C:/Users/dora5/Desktop/program/OOP/MineSweeper/MineSweeper/build-untitled1-Desktop_Qt_5_15_2_MSVC2019_64bit-Debug/untitled1_autogen",
	"CMAKE_BINARY_DIR" : "C:/Users/dora5/Desktop/program/OOP/MineSweeper/MineSweeper/build-untitled1-Desktop_Qt_5_15_2_MSVC2019_64bit-Debug",
	"CMAKE_CURRENT_BINARY_DIR" : "C:/Users/dora5/Desktop/program/OOP/MineSweeper/MineSweeper/build-untitled1-Desktop_Qt_5_15_2_MSVC2019_64bit-Debug",
	"CMAKE_CURRENT_SOURCE_DIR" : "C:/Users/dora5/Desktop/program/OOP/MineSweeper/MineSweeper/untitled1",
	"CMAKE_EXECUTABLE" : "C:/Qt/Tools/CMake_64/bin/cmake.exe",
	"CMAKE_LIST_FILES" : 
	[
		"C:/Users/dora5/Desktop/program/OOP/MineSweeper/MineSweeper/untitled1/CMakeLists.txt",
		"C:/Users/dora5/Desktop/program/OOP/MineSweeper/MineSweeper/build-untitled1-Desktop_Qt_5_15_2_MSVC2019_64bit-Debug/.qtc/package-manager/auto-setup.cmake",
		"C:/Qt/Tools/CMake_64/share/cmake-3.24/Modules/CMakeDetermineSystem.cmake",
		"C:/Qt/Tools/CMake_64/share/cmake-3.24/Modules/CMakeSystem.cmake.in",
		"C:/Users/dora5/Desktop/program/OOP/MineSweeper/MineSweeper/build-untitled1-Desktop_Qt_5_15_2_MSVC2019_64bit-Debug/CMakeFiles/3.24.2/CMakeSystem.cmake",
		"C:/Qt/Tools/CMake_64/share/cmake-3.24/Modules/CMakeNinjaFindMake.cmake",
		"C:/Qt/Tools/CMake_64/share/cmake-3.24/Modules/CMakeSystemSpecificInitialize.cmake",
		"C:/Qt/Tools/CMake_64/share/cmake-3.24/Modules/CMakeDetermineCXXCompiler.cmake",
		"C:/Qt/Tools/CMake_64/share/cmake-3.24/Modules/CMakeDetermineCompiler.cmake",
		"C:/Qt/Tools/CMake_64/share/cmake-3.24/Modules/Platform/Windows-Determine-CXX.cmake",
		"C:/Qt/Tools/CMake_64/share/cmake-3.24/Modules/CMakeDetermineCompilerId.cmake",
		"C:/Qt/Tools/CMake_64/share/cmake-3.24/Modules/CMakeCompilerIdDetection.cmake",
		"C:/Qt/Tools/CMake_64/share/cmake-3.24/Modules/Compiler/ADSP-DetermineCompiler.cmake",
		"C:/Qt/Tools/CMake_64/share/cmake-3.24/Modules/Compiler/ARMCC-DetermineCompiler.cmake",
		"C:/Qt/Tools/CMake_64/share/cmake-3.24/Modules/Compiler/ARMClang-DetermineCompiler.cmake",
		"C:/Qt/Tools/CMake_64/share/cmake-3.24/Modules/Compiler/AppleClang-DetermineCompiler.cmake",
		"C:/Qt/Tools/CMake_64/share/cmake-3.24/Modules/Compiler/Clang-DetermineCompilerInternal.cmake",
		"C:/Qt/Tools/CMake_64/share/cmake-3.24/Modules/Compiler/Borland-DetermineCompiler.cmake",
		"C:/Qt/Tools/CMake_64/share/cmake-3.24/Modules/Compiler/Clang-DetermineCompiler.cmake",
		"C:/Qt/Tools/CMake_64/share/cmake-3.24/Modules/Compiler/Clang-DetermineCompilerInternal.cmake",
		"C:/Qt/Tools/CMake_64/share/cmake-3.24/Modules/Compiler/Comeau-CXX-DetermineCompiler.cmake",
		"C:/Qt/Tools/CMake_64/share/cmake-3.24/Modules/Compiler/Compaq-CXX-DetermineCompiler.cmake",
		"C:/Qt/Tools/CMake_64/share/cmake-3.24/Modules/Compiler/Cray-DetermineCompiler.cmake",
		"C:/Qt/Tools/CMake_64/share/cmake-3.24/Modules/Compiler/Embarcadero-DetermineCompiler.cmake",
		"C:/Qt/Tools/CMake_64/share/cmake-3.24/Modules/Compiler/Fujitsu-DetermineCompiler.cmake",
		"C:/Qt/Tools/CMake_64/share/cmake-3.24/Modules/Compiler/FujitsuClang-DetermineCompiler.cmake",
		"C:/Qt/Tools/CMake_64/share/cmake-3.24/Modules/Compiler/GHS-DetermineCompiler.cmake",
		"C:/Qt/Tools/CMake_64/share/cmake-3.24/Modules/Compiler/GNU-CXX-DetermineCompiler.cmake",
		"C:/Qt/Tools/CMake_64/share/cmake-3.24/Modules/Compiler/HP-CXX-DetermineCompiler.cmake",
		"C:/Qt/Tools/CMake_64/share/cmake-3.24/Modules/Compiler/IAR-DetermineCompiler.cmake",
		"C:/Qt/Tools/CMake_64/share/cmake-3.24/Modules/Compiler/IBMClang-CXX-DetermineCompiler.cmake",
		"C:/Qt/Tools/CMake_64/share/cmake-3.24/Modules/Compiler/Intel-DetermineCompiler.cmake",
		"C:/Qt/Tools/CMake_64/share/cmake-3.24/Modules/Compiler/IntelLLVM-DetermineCompiler.cmake",
		"C:/Qt/Tools/CMake_64/share/cmake-3.24/Modules/Compiler/LCC-CXX-DetermineCompiler.cmake",
		"C:/Qt/Tools/CMake_64/share/cmake-3.24/Modules/Compiler/MSVC-DetermineCompiler.cmake",
		"C:/Qt/Tools/CMake_64/share/cmake-3.24/Modules/Compiler/NVHPC-DetermineCompiler.cmake",
		"C:/Qt/Tools/CMake_64/share/cmake-3.24/Modules/Compiler/NVIDIA-DetermineCompiler.cmake",
		"C:/Qt/Tools/CMake_64/share/cmake-3.24/Modules/Compiler/OpenWatcom-DetermineCompiler.cmake",
		"C:/Qt/Tools/CMake_64/share/cmake-3.24/Modules/Compiler/PGI-DetermineCompiler.cmake",
		"C:/Qt/Tools/CMake_64/share/cmake-3.24/Modules/Compiler/PathScale-DetermineCompiler.cmake",
		"C:/Qt/Tools/CMake_64/share/cmake-3.24/Modules/Compiler/SCO-DetermineCompiler.cmake",
		"C:/Qt/Tools/CMake_64/share/cmake-3.24/Modules/Compiler/SunPro-CXX-DetermineCompiler.cmake",
		"C:/Qt/Tools/CMake_64/share/cmake-3.24/Modules/Compiler/TI-DetermineCompiler.cmake",
		"C:/Qt/Tools/CMake_64/share/cmake-3.24/Modules/Compiler/VisualAge-CXX-DetermineCompiler.cmake",
		"C:/Qt/Tools/CMake_64/share/cmake-3.24/Modules/Compiler/IBMCPP-CXX-DetermineVersionInternal.cmake",
		"C:/Qt/Tools/CMake_64/share/cmake-3.24/Modules/Compiler/Watcom-DetermineCompiler.cmake",
		"C:/Qt/Tools/CMake_64/share/cmake-3.24/Modules/Compiler/XL-CXX-DetermineCompiler.cmake",
		"C:/Qt/Tools/CMake_64/share/cmake-3.24/Modules/Compiler/IBMCPP-CXX-DetermineVersionInternal.cmake",
		"C:/Qt/Tools/CMake_64/share/cmake-3.24/Modules/Compiler/XLClang-CXX-DetermineCompiler.cmake",
		"C:/Qt/Tools/CMake_64/share/cmake-3.24/Modules/Compiler/zOS-CXX-DetermineCompiler.cmake",
		"C:/Qt/Tools/CMake_64/share/cmake-3.24/Modules/Compiler/IBMCPP-CXX-DetermineVersionInternal.cmake",
		"C:/Qt/Tools/CMake_64/share/cmake-3.24/Modules/CMakeFindBinUtils.cmake",
		"C:/Qt/Tools/CMake_64/share/cmake-3.24/Modules/CMakeCXXCompiler.cmake.in",
		"C:/Users/dora5/Desktop/program/OOP/MineSweeper/MineSweeper/build-untitled1-Desktop_Qt_5_15_2_MSVC2019_64bit-Debug/CMakeFiles/3.24.2/CMakeCXXCompiler.cmake",
		"C:/Qt/Tools/CMake_64/share/cmake-3.24/Modules/CMakeSystemSpecificInformation.cmake",
		"C:/Qt/Tools/CMake_64/share/cmake-3.24/Modules/CMakeGenericSystem.cmake",
		"C:/Qt/Tools/CMake_64/share/cmake-3.24/Modules/CMakeInitializeConfigs.cmake",
		"C:/Qt/Tools/CMake_64/share/cmake-3.24/Modules/Platform/Windows.cmake",
		"C:/Qt/Tools/CMake_64/share/cmake-3.24/Modules/Platform/WindowsPaths.cmake",
		"C:/Qt/Tools/CMake_64/share/cmake-3.24/Modules/CMakeCXXInformation.cmake",
		"C:/Qt/Tools/CMake_64/share/cmake-3.24/Modules/CMakeLanguageInformation.cmake",
		"C:/Qt/Tools/CMake_64/share/cmake-3.24/Modules/Compiler/MSVC-CXX.cmake",
		"C:/Qt/Tools/CMake_64/share/cmake-3.24/Modules/Compiler/MSVC.cmake",
		"C:/Qt/Tools/CMake_64/share/cmake-3.24/Modules/Compiler/CMakeCommonCompilerMacros.cmake",
		"C:/Qt/Tools/CMake_64/share/cmake-3.24/Modules/Platform/Windows-MSVC-CXX.cmake",
		"C:/Qt/Tools/CMake_64/share/cmake-3.24/Modules/Platform/Windows-MSVC.cmake",
		"C:/Qt/Tools/CMake_64/share/cmake-3.24/Modules/CMakeDetermineRCCompiler.cmake",
		"C:/Qt/Tools/CMake_64/share/cmake-3.24/Modules/CMakeRCCompiler.cmake.in",
		"C:/Users/dora5/Desktop/program/OOP/MineSweeper/MineSweeper/build-untitled1-Desktop_Qt_5_15_2_MSVC2019_64bit-Debug/CMakeFiles/3.24.2/CMakeRCCompiler.cmake",
		"C:/Qt/Tools/CMake_64/share/cmake-3.24/Modules/CMakeRCInformation.cmake",
		"C:/Qt/Tools/CMake_64/share/cmake-3.24/Modules/CMakeTestRCCompiler.cmake",
		"C:/Qt/Tools/CMake_64/share/cmake-3.24/Modules/CMakeCommonLanguageInclude.cmake",
		"C:/Qt/Tools/CMake_64/share/cmake-3.24/Modules/CMakeTestCXXCompiler.cmake",
		"C:/Qt/Tools/CMake_64/share/cmake-3.24/Modules/CMakeTestCompilerCommon.cmake",
		"C:/Qt/Tools/CMake_64/share/cmake-3.24/Modules/CMakeDetermineCompilerABI.cmake",
		"C:/Qt/Tools/CMake_64/share/cmake-3.24/Modules/CMakeParseImplicitIncludeInfo.cmake",
		"C:/Qt/Tools/CMake_64/share/cmake-3.24/Modules/CMakeParseImplicitLinkInfo.cmake",
		"C:/Qt/Tools/CMake_64/share/cmake-3.24/Modules/CMakeParseLibraryArchitecture.cmake",
		"C:/Qt/Tools/CMake_64/share/cmake-3.24/Modules/CMakeTestCompilerCommon.cmake",
		"C:/Qt/Tools/CMake_64/share/cmake-3.24/Modules/CMakeCXXCompilerABI.cpp",
		"C:/Qt/Tools/CMake_64/share/cmake-3.24/Modules/CMakeDetermineCompileFeatures.cmake",
		"C:/Qt/Tools/CMake_64/share/cmake-3.24/Modules/Internal/FeatureTesting.cmake",
		"C:/Qt/Tools/CMake_64/share/cmake-3.24/Modules/CMakeCXXCompiler.cmake.in",
		"C:/Users/dora5/Desktop/program/OOP/MineSweeper/MineSweeper/build-untitled1-Desktop_Qt_5_15_2_MSVC2019_64bit-Debug/CMakeFiles/3.24.2/CMakeCXXCompiler.cmake",
		"C:/Qt/5.15.2/msvc2019_64/lib/cmake/Qt5/Qt5ConfigVersion.cmake",
		"C:/Qt/5.15.2/msvc2019_64/lib/cmake/Qt5/Qt5Config.cmake",
		"C:/Qt/5.15.2/msvc2019_64/lib/cmake/Qt5/Qt5ConfigVersion.cmake",
		"C:/Qt/5.15.2/msvc2019_64/lib/cmake/Qt5/Qt5Config.cmake",
		"C:/Qt/5.15.2/msvc2019_64/lib/cmake/Qt5/Qt5ModuleLocation.cmake",
		"C:/Qt/5.15.2/msvc2019_64/lib/cmake/Qt5Widgets/Qt5WidgetsConfigVersion.cmake",
		"C:/Qt/5.15.2/msvc2019_64/lib/cmake/Qt5Widgets/Qt5WidgetsConfig.cmake",
		"C:/Qt/5.15.2/msvc2019_64/lib/cmake/Qt5Gui/Qt5GuiConfigVersion.cmake",
		"C:/Qt/5.15.2/msvc2019_64/lib/cmake/Qt5Gui/Qt5GuiConfig.cmake",
		"C:/Qt/5.15.2/msvc2019_64/lib/cmake/Qt5Core/Qt5CoreConfigVersion.cmake",
		"C:/Qt/5.15.2/msvc2019_64/lib/cmake/Qt5Core/Qt5CoreConfig.cmake",
		"C:/Qt/5.15.2/msvc2019_64/lib/cmake/Qt5Core/Qt5CoreConfigExtras.cmake",
		"C:/Qt/5.15.2/msvc2019_64/lib/cmake/Qt5Core/Qt5CoreConfigExtrasMkspecDir.cmake",
		"C:/Qt/5.15.2/msvc2019_64/lib/cmake/Qt5Core/Qt5CoreMacros.cmake",
		"C:/Qt/Tools/CMake_64/share/cmake-3.24/Modules/CMakeParseArguments.cmake",
		"C:/Qt/5.15.2/msvc2019_64/lib/cmake/Qt5Gui/Qt5Gui_QGifPlugin.cmake",
		"C:/Qt/5.15.2/msvc2019_64/lib/cmake/Qt5Gui/Qt5Gui_QICNSPlugin.cmake",
		"C:/Qt/5.15.2/msvc2019_64/lib/cmake/Qt5Gui/Qt5Gui_QICOPlugin.cmake",
		"C:/Qt/5.15.2/msvc2019_64/lib/cmake/Qt5Gui/Qt5Gui_QJpegPlugin.cmake",
		"C:/Qt/5.15.2/msvc2019_64/lib/cmake/Qt5Gui/Qt5Gui_QMinimalIntegrationPlugin.cmake",
		"C:/Qt/5.15.2/msvc2019_64/lib/cmake/Qt5Gui/Qt5Gui_QOffscreenIntegrationPlugin.cmake",
		"C:/Qt/5.15.2/msvc2019_64/lib/cmake/Qt5Gui/Qt5Gui_QSvgIconPlugin.cmake",
		"C:/Qt/5.15.2/msvc2019_64/lib/cmake/Qt5Gui/Qt5Gui_QSvgPlugin.cmake",
		"C:/Qt/5.15.2/msvc2019_64/lib/cmake/Qt5Gui/Qt5Gui_QTgaPlugin.cmake",
		"C:/Qt/5.15.2/msvc2019_64/lib/cmake/Qt5Gui/Qt5Gui_QTiffPlugin.cmake",
		"C:/Qt/5.15.2/msvc2019_64/lib/cmake/Qt5Gui/Qt5Gui_QTuioTouchPlugin.cmake",
		"C:/Qt/5.15.2/msvc2019_64/lib/cmake/Qt5Gui/Qt5Gui_QWbmpPlugin.cmake",
		"C:/Qt/5.15.2/msvc2019_64/lib/cmake/Qt5Gui/Qt5Gui_QWebpPlugin.cmake",
		"C:/Qt/5.15.2/msvc2019_64/lib/cmake/Qt5Gui/Qt5Gui_QWindowsDirect2DIntegrationPlugin.cmake",
		"C:/Qt/5.15.2/msvc2019_64/lib/cmake/Qt5Gui/Qt5Gui_QWindowsIntegrationPlugin.cmake",
		"C:/Qt/5.15.2/msvc2019_64/lib/cmake/Qt5Gui/Qt5Gui_QXdgDesktopPortalThemePlugin.cmake",
		"C:/Qt/5.15.2/msvc2019_64/lib/cmake/Qt5Gui/Qt5GuiConfigExtras.cmake",
		"C:/Qt/5.15.2/msvc2019_64/lib/cmake/Qt5Widgets/Qt5Widgets_QWindowsVistaStylePlugin.cmake",
		"C:/Qt/5.15.2/msvc2019_64/lib/cmake/Qt5Widgets/Qt5WidgetsConfigExtras.cmake",
		"C:/Qt/5.15.2/msvc2019_64/lib/cmake/Qt5Widgets/Qt5WidgetsMacros.cmake",
		"C:/Qt/Tools/CMake_64/share/cmake-3.24/Modules/CMakeParseArguments.cmake"
	],
	"CMAKE_SOURCE_DIR" : "C:/Users/dora5/Desktop/program/OOP/MineSweeper/MineSweeper/untitled1",
	"DEP_FILE" : "C:/Users/dora5/Desktop/program/OOP/MineSweeper/MineSweeper/build-untitled1-Desktop_Qt_5_15_2_MSVC2019_64bit-Debug/untitled1_autogen/deps",
	"DEP_FILE_RULE_NAME" : "untitled1_autogen/timestamp",
	"HEADERS" : 
	[
		[
			"C:/Users/dora5/Desktop/program/OOP/MineSweeper/MineSweeper/untitled1/mainwindow.h",
			"MU",
			"EWIEGA46WW/moc_mainwindow.cpp",
			null
		]
	],
	"HEADER_EXTENSIONS" : [ "h", "hh", "h++", "hm", "hpp", "hxx", "in", "txx" ],
	"INCLUDE_DIR" : "C:/Users/dora5/Desktop/program/OOP/MineSweeper/MineSweeper/build-untitled1-Desktop_Qt_5_15_2_MSVC2019_64bit-Debug/untitled1_autogen/include",
	"MOC_COMPILATION_FILE" : "C:/Users/dora5/Desktop/program/OOP/MineSweeper/MineSweeper/build-untitled1-Desktop_Qt_5_15_2_MSVC2019_64bit-Debug/untitled1_autogen/mocs_compilation.cpp",
	"MOC_DEFINITIONS" : [ "QT_CORE_LIB", "QT_GUI_LIB", "QT_WIDGETS_LIB", "WIN32" ],
	"MOC_DEPEND_FILTERS" : 
	[
		[
			"Q_PLUGIN_METADATA",
			"[\n][ \t]*Q_PLUGIN_METADATA[ \t]*\\([^\\)]*FILE[ \t]*\"([^\"]+)\""
		]
	],
	"MOC_INCLUDES" : 
	[
		"C:/Qt/5.15.2/msvc2019_64/include",
		"C:/Qt/5.15.2/msvc2019_64/include/QtWidgets",
		"C:/Qt/5.15.2/msvc2019_64/include/QtGui",
		"C:/Qt/5.15.2/msvc2019_64/include/QtANGLE",
		"C:/Qt/5.15.2/msvc2019_64/include/QtCore",
		"C:/Qt/5.15.2/msvc2019_64/mkspecs/win32-msvc"
	],
	"MOC_MACRO_NAMES" : [ "Q_OBJECT", "Q_GADGET", "Q_NAMESPACE", "Q_NAMESPACE_EXPORT" ],
	"MOC_OPTIONS" : [],
	"MOC_PATH_PREFIX" : false,
	"MOC_PREDEFS_CMD" : [],
	"MOC_PREDEFS_FILE" : "",
	"MOC_RELAXED_MODE" : false,
	"MOC_SKIP" : [],
	"MULTI_CONFIG" : false,
	"PARALLEL" : 6,
	"PARSE_CACHE_FILE" : "C:/Users/dora5/Desktop/program/OOP/MineSweeper/MineSweeper/build-untitled1-Desktop_Qt_5_15_2_MSVC2019_64bit-Debug/CMakeFiles/untitled1_autogen.dir/ParseCache.txt",
	"QT_MOC_EXECUTABLE" : "C:/Qt/5.15.2/msvc2019_64/bin/moc.exe",
	"QT_UIC_EXECUTABLE" : "C:/Qt/5.15.2/msvc2019_64/bin/uic.exe",
	"QT_VERSION_MAJOR" : 5,
	"QT_VERSION_MINOR" : 15,
	"SETTINGS_FILE" : "C:/Users/dora5/Desktop/program/OOP/MineSweeper/MineSweeper/build-untitled1-Desktop_Qt_5_15_2_MSVC2019_64bit-Debug/CMakeFiles/untitled1_autogen.dir/AutogenUsed.txt",
	"SOURCES" : 
	[
		[
			"C:/Users/dora5/Desktop/program/OOP/MineSweeper/MineSweeper/untitled1/main.cpp",
			"MU",
			null
		],
		[
			"C:/Users/dora5/Desktop/program/OOP/MineSweeper/MineSweeper/untitled1/mainwindow.cpp",
			"MU",
			null
		]
	],
	"UIC_OPTIONS" : [],
	"UIC_SEARCH_PATHS" : [],
	"UIC_SKIP" : [],
	"UIC_UI_FILES" : [],
	"VERBOSITY" : 0
}
